FCD/Test,FCD/TestSF,Filters,Frag/Test,Frag/TestSF,IntDiv,IntDiv2,NP,QED,SA,SNN/Test,SNN/TestSF,Scaf/Test,Scaf/TestSF,logP,model,unique@1000,unique@10000,valid,weight
1.0280761189837193,1.5284935256324843,0.991524561819846,0.9919642744212227,0.990527383507863,0.8546134957030281,0.8490840186809709,0.026519420664331106,7.122687650549381e-06,0.02093785741205384,0.5575130399174216,0.5311922650076629,0.8632471784571837,0.14837662859020584,0.034008040022954766,aae,1.0,0.9999,0.9832333333333333,202.04643994100343
