FCD/Test,FCD/TestSF,Filters,Frag/Test,Frag/TestSF,IntDiv,IntDiv2,NP,QED,SA,SNN/Test,SNN/TestSF,Scaf/Test,Scaf/TestSF,logP,model,unique@1000,unique@10000,valid,weight
0.35096950975318464,0.8868880875787823,0.9722763250590527,0.9988438905665893,0.9964916590660495,0.8548419391687251,0.848912469552787,0.00968205647969822,0.00010728967154536792,0.005656223908590496,0.5367868760547657,0.5152382851665867,0.8835743234220329,0.14438305779707028,0.027604970397759665,char_rnn,1.0,0.9997,0.8043666666666667,71.29212459204109
