FCD/Test,FCD/TestSF,Filters,Frag/Test,Frag/TestSF,IntDiv,IntDiv2,NP,QED,SA,SNN/Test,SNN/TestSF,Scaf/Test,Scaf/TestSF,logP,model,unique@1000,unique@10000,valid,weight
0.08405801828506299,0.5612614813288701,0.9962635403811875,0.9995337682977953,0.997920706608637,0.8565858507690357,0.8506352297148352,0.00023573414934485726,3.0197807833337587e-06,0.00017959459075878037,0.6218992676322849,0.5753516975198241,0.9321446379156824,0.06281293418156997,0.001649915705143723,vae,0.999,0.9987,0.9724,0.48286839025763584
